Method_Name,Sensor_Index,Run_1,Run_2,Run_3,Run_4,Run_5,Run_6,Run_7,Run_8,Run_9,Run_10,Run_11,Run_12,Run_13,Run_14,Run_15,Run_16,Run_17,Run_18,Run_19,Run_20,Run_21,Run_22,Run_23,Run_24,Run_25,Run_26,Run_27,Run_28,Run_29,Run_30,Run_31,Run_32,Run_33,Run_34,Run_35,Run_36,Run_37,Run_38,Run_39,Run_40,Run_41,Run_42,Run_43,Run_44,Run_45,Run_46,Run_47,Run_48,Run_49,Run_50
Pivoted-QR,2,0.648904684822523,0.632884859703896,0.716937166118054,0.705317265232125,0.721056109814387,0.64162485945277,0.718398170724574,0.704921479192307,0.664241270218601,0.66275669350929,NaN,NaN,NaN,NaN,NaN,NaN,NaN,NaN,NaN,NaN,NaN,NaN,NaN,NaN,NaN,NaN,NaN,NaN,NaN,NaN,NaN,NaN,NaN,NaN,NaN,NaN,NaN,NaN,NaN,NaN,NaN,NaN,NaN,NaN,NaN,NaN,NaN,NaN,NaN,NaN
Pivoted-QR,4,0.499092168271045,0.463545911969792,0.481384568299404,0.504886202954553,0.48252878622529,0.510956472470605,0.477263102126703,0.461053564163578,0.484421224699079,0.452442141109835,NaN,NaN,NaN,NaN,NaN,NaN,NaN,NaN,NaN,NaN,NaN,NaN,NaN,NaN,NaN,NaN,NaN,NaN,NaN,NaN,NaN,NaN,NaN,NaN,NaN,NaN,NaN,NaN,NaN,NaN,NaN,NaN,NaN,NaN,NaN,NaN,NaN,NaN,NaN,NaN
Pivoted-QR,6,0.397141650228034,0.378141323857396,0.360860321769393,0.369757823114363,0.366380754318931,0.415884310010954,0.397940411814696,0.326162165326132,0.397940411814696,0.350745216010052,0.371786797669141,0.365704744565334,0.39530461785715,NaN,NaN,NaN,NaN,NaN,NaN,NaN,NaN,NaN,NaN,NaN,NaN,NaN,NaN,NaN,NaN,NaN,NaN,NaN,NaN,NaN,NaN,NaN,NaN,NaN,NaN,NaN,NaN,NaN,NaN,NaN,NaN,NaN,NaN,NaN,NaN,NaN
Pivoted-QR,8,0.376356014883189,0.351477996800921,0.361961677735846,0.31446410674565,0.381668543566023,0.364989765218897,0.363545385458242,0.393448556637213,0.338469425728522,0.406343645935298,NaN,NaN,NaN,NaN,NaN,NaN,NaN,NaN,NaN,NaN,NaN,NaN,NaN,NaN,NaN,NaN,NaN,NaN,NaN,NaN,NaN,NaN,NaN,NaN,NaN,NaN,NaN,NaN,NaN,NaN,NaN,NaN,NaN,NaN,NaN,NaN,NaN,NaN,NaN,NaN
Pivoted-QR,10,0.304804578442796,0.314570763540925,0.309088300961899,0.345888679810913,0.349975999860228,0.31335845493195,0.289268158603822,0.309088300961899,0.285376303238879,0.341530974041776,NaN,NaN,NaN,NaN,NaN,NaN,NaN,NaN,NaN,NaN,NaN,NaN,NaN,NaN,NaN,NaN,NaN,NaN,NaN,NaN,NaN,NaN,NaN,NaN,NaN,NaN,NaN,NaN,NaN,NaN,NaN,NaN,NaN,NaN,NaN,NaN,NaN,NaN,NaN,NaN
Naive Attr,2,0.607132693480111,0.620203868080934,0.523453735776222,0.608666497976328,0.576742877848568,0.573177801408282,0.563531957087649,0.575792842789682,0.645896785139108,0.603122842202536,NaN,NaN,NaN,NaN,NaN,NaN,NaN,NaN,NaN,NaN,NaN,NaN,NaN,NaN,NaN,NaN,NaN,NaN,NaN,NaN,NaN,NaN,NaN,NaN,NaN,NaN,NaN,NaN,NaN,NaN,NaN,NaN,NaN,NaN,NaN,NaN,NaN,NaN,NaN,NaN
Naive Attr,4,0.523779829620299,0.572456541656189,0.530290389811477,0.514898032892721,0.506543292761779,0.506605150894111,0.588054599596101,0.492224468091298,0.530847425913123,0.515190724426299,NaN,NaN,NaN,NaN,NaN,NaN,NaN,NaN,NaN,NaN,NaN,NaN,NaN,NaN,NaN,NaN,NaN,NaN,NaN,NaN,NaN,NaN,NaN,NaN,NaN,NaN,NaN,NaN,NaN,NaN,NaN,NaN,NaN,NaN,NaN,NaN,NaN,NaN,NaN,NaN
Naive Attr,6,0.502243137909125,0.455343367768721,0.505353731957976,0.491006383811883,0.509195298472934,0.490506455674091,0.465393516136219,0.493251560938136,0.536185219949868,0.520220980296532,NaN,NaN,NaN,NaN,NaN,NaN,NaN,NaN,NaN,NaN,NaN,NaN,NaN,NaN,NaN,NaN,NaN,NaN,NaN,NaN,NaN,NaN,NaN,NaN,NaN,NaN,NaN,NaN,NaN,NaN,NaN,NaN,NaN,NaN,NaN,NaN,NaN,NaN,NaN,NaN
Naive Attr,8,0.521534402219055,0.475642379797038,0.506491298356345,0.567746025084906,0.508526587360458,0.494272610942963,0.567449758190542,0.544810259207855,0.515217780836392,0.516354863086484,NaN,NaN,NaN,NaN,NaN,NaN,NaN,NaN,NaN,NaN,NaN,NaN,NaN,NaN,NaN,NaN,NaN,NaN,NaN,NaN,NaN,NaN,NaN,NaN,NaN,NaN,NaN,NaN,NaN,NaN,NaN,NaN,NaN,NaN,NaN,NaN,NaN,NaN,NaN,NaN
Naive Attr,10,0.46978260283551,0.456715204610529,0.439618488505016,0.439242035857812,0.460590167361871,0.453340939222642,0.475561178248219,0.417890755326764,0.431274427795492,0.426166185378292,NaN,NaN,NaN,NaN,NaN,NaN,NaN,NaN,NaN,NaN,NaN,NaN,NaN,NaN,NaN,NaN,NaN,NaN,NaN,NaN,NaN,NaN,NaN,NaN,NaN,NaN,NaN,NaN,NaN,NaN,NaN,NaN,NaN,NaN,NaN,NaN,NaN,NaN,NaN,NaN
Uniform,2,0.998700481719205,0.97568995152935,0.979941281479215,1.01861771361187,0.985898259661081,0.981649780021502,0.948202869432898,0.961150984833293,0.992123324094111,0.9938381810303,NaN,NaN,NaN,NaN,NaN,NaN,NaN,NaN,NaN,NaN,NaN,NaN,NaN,NaN,NaN,NaN,NaN,NaN,NaN,NaN,NaN,NaN,NaN,NaN,NaN,NaN,NaN,NaN,NaN,NaN,NaN,NaN,NaN,NaN,NaN,NaN,NaN,NaN,NaN,NaN
Uniform,4,0.457212299683332,0.457808785219051,0.429964250024244,0.442094288944544,0.485363966207542,0.457808785219051,0.444824495188542,0.436695778765933,0.421050518235941,0.472666210066383,NaN,NaN,NaN,NaN,NaN,NaN,NaN,NaN,NaN,NaN,NaN,NaN,NaN,NaN,NaN,NaN,NaN,NaN,NaN,NaN,NaN,NaN,NaN,NaN,NaN,NaN,NaN,NaN,NaN,NaN,NaN,NaN,NaN,NaN,NaN,NaN,NaN,NaN,NaN,NaN
Uniform,6,0.391454852518821,0.332642738423552,0.36186614423905,0.373650121279286,0.346668048340012,0.365856892006144,0.401762733427175,0.358392864743668,0.332893948350489,0.390668685069211,NaN,NaN,NaN,NaN,NaN,NaN,NaN,NaN,NaN,NaN,NaN,NaN,NaN,NaN,NaN,NaN,NaN,NaN,NaN,NaN,NaN,NaN,NaN,NaN,NaN,NaN,NaN,NaN,NaN,NaN,NaN,NaN,NaN,NaN,NaN,NaN,NaN,NaN,NaN,NaN
Uniform,8,0.321707224743286,0.365169952040579,0.333218094456699,0.333218094456699,0.370976377889075,0.338120337994741,0.369188152149484,0.333054314055029,0.321765574598559,0.353555540873215,NaN,NaN,NaN,NaN,NaN,NaN,NaN,NaN,NaN,NaN,NaN,NaN,NaN,NaN,NaN,NaN,NaN,NaN,NaN,NaN,NaN,NaN,NaN,NaN,NaN,NaN,NaN,NaN,NaN,NaN,NaN,NaN,NaN,NaN,NaN,NaN,NaN,NaN,NaN,NaN
Uniform,10,0.377389404214824,0.353101422248411,0.32648118074645,0.351427859008899,0.413005092435407,0.339236861521943,0.371627704015452,0.346781307095804,0.362319898399592,0.394537424132925,NaN,NaN,NaN,NaN,NaN,NaN,NaN,NaN,NaN,NaN,NaN,NaN,NaN,NaN,NaN,NaN,NaN,NaN,NaN,NaN,NaN,NaN,NaN,NaN,NaN,NaN,NaN,NaN,NaN,NaN,NaN,NaN,NaN,NaN,NaN,NaN,NaN,NaN,NaN,NaN
Bayes,2,0.500392043388548,0.530727641616703,0.555688009687381,0.500392043388548,0.495173615958406,0.520104082831056,0.484260754636422,0.519107976860501,0.510539184467289,0.506171508525673,NaN,NaN,NaN,NaN,NaN,NaN,NaN,NaN,NaN,NaN,NaN,NaN,NaN,NaN,NaN,NaN,NaN,NaN,NaN,NaN,NaN,NaN,NaN,NaN,NaN,NaN,NaN,NaN,NaN,NaN,NaN,NaN,NaN,NaN,NaN,NaN,NaN,NaN,NaN,NaN
Bayes,4,0.433747556210633,0.396534000440227,0.395270253654655,0.395381580436656,0.40108267616254,0.368218719390216,0.423146242757353,0.40211543168455,0.385205252978528,0.427209846146927,NaN,NaN,NaN,NaN,NaN,NaN,NaN,NaN,NaN,NaN,NaN,NaN,NaN,NaN,NaN,NaN,NaN,NaN,NaN,NaN,NaN,NaN,NaN,NaN,NaN,NaN,NaN,NaN,NaN,NaN,NaN,NaN,NaN,NaN,NaN,NaN,NaN,NaN,NaN,NaN
Bayes,6,0.371010081251079,0.353958374681899,0.337597178711217,0.347489107125599,0.332150298421525,0.320230295170669,0.388823061981702,0.343449775697918,0.324049831268235,0.327766739079408,NaN,NaN,NaN,NaN,NaN,NaN,NaN,NaN,NaN,NaN,NaN,NaN,NaN,NaN,NaN,NaN,NaN,NaN,NaN,NaN,NaN,NaN,NaN,NaN,NaN,NaN,NaN,NaN,NaN,NaN,NaN,NaN,NaN,NaN,NaN,NaN,NaN,NaN,NaN,NaN
Bayes,8,0.350634375440393,0.312436866714949,0.430765419399739,0.338996315128487,0.336276094708678,0.430765419399739,0.337026453500415,0.357569245420686,0.33893353352001,0.333332406899028,NaN,NaN,NaN,NaN,NaN,NaN,NaN,NaN,NaN,NaN,NaN,NaN,NaN,NaN,NaN,NaN,NaN,NaN,NaN,NaN,NaN,NaN,NaN,NaN,NaN,NaN,NaN,NaN,NaN,NaN,NaN,NaN,NaN,NaN,NaN,NaN,NaN,NaN,NaN,NaN
Bayes,10,0.30237000679688,0.311371884461916,0.282212072456912,0.253717503915036,0.294545534106089,0.284801461895852,0.254522690719576,0.26738049397405,0.306671448946531,0.271877107864604,NaN,NaN,NaN,NaN,NaN,NaN,NaN,NaN,NaN,NaN,NaN,NaN,NaN,NaN,NaN,NaN,NaN,NaN,NaN,NaN,NaN,NaN,NaN,NaN,NaN,NaN,NaN,NaN,NaN,NaN,NaN,NaN,NaN,NaN,NaN,NaN,NaN,NaN,NaN,NaN
CAAF,2,0.528623228093495,0.589761869759628,0.511052116441286,0.500095900729392,0.547553172260465,0.5136877353402,0.473700986712259,0.482760478900841,0.570732748718992,0.548257694364469,NaN,NaN,NaN,NaN,NaN,NaN,NaN,NaN,NaN,NaN,NaN,NaN,NaN,NaN,NaN,NaN,NaN,NaN,NaN,NaN,NaN,NaN,NaN,NaN,NaN,NaN,NaN,NaN,NaN,NaN,NaN,NaN,NaN,NaN,NaN,NaN,NaN,NaN,NaN,NaN
CAAF,4,0.488057185329361,0.458237491941797,0.449565819167275,0.486788969680302,0.439458715996721,0.451651768938465,0.453760099999616,0.513276777287164,0.471864581417673,0.480235247075961,NaN,NaN,NaN,NaN,NaN,NaN,NaN,NaN,NaN,NaN,NaN,NaN,NaN,NaN,NaN,NaN,NaN,NaN,NaN,NaN,NaN,NaN,NaN,NaN,NaN,NaN,NaN,NaN,NaN,NaN,NaN,NaN,NaN,NaN,NaN,NaN,NaN,NaN,NaN,NaN
CAAF,6,0.388299376019918,0.380640438973887,0.377980584571575,0.383416837179366,0.344490131905872,0.393062906645279,0.424873768947369,0.460370564460961,NaN,NaN,NaN,NaN,NaN,NaN,NaN,NaN,NaN,NaN,NaN,NaN,NaN,NaN,NaN,NaN,NaN,NaN,NaN,NaN,NaN,NaN,NaN,NaN,NaN,NaN,NaN,NaN,NaN,NaN,NaN,NaN,NaN,NaN,NaN,NaN,NaN,NaN,NaN,NaN,NaN,NaN
CAAF,8,0.325988530102957,0.394777350498332,0.319468403309703,0.34334048254817,0.350057644989999,0.342599874768616,0.309074592693997,0.321063103164403,0.343710329561013,0.378471376545577,NaN,NaN,NaN,NaN,NaN,NaN,NaN,NaN,NaN,NaN,NaN,NaN,NaN,NaN,NaN,NaN,NaN,NaN,NaN,NaN,NaN,NaN,NaN,NaN,NaN,NaN,NaN,NaN,NaN,NaN,NaN,NaN,NaN,NaN,NaN,NaN,NaN,NaN,NaN,NaN
CAAF,10,0.31142249663964,0.323946574047107,0.331411310787407,0.295517453524045,0.319762748354947,0.308143238954847,0.281564710337597,0.307834476478996,0.275061690423767,0.340149560245431,NaN,NaN,NaN,NaN,NaN,NaN,NaN,NaN,NaN,NaN,NaN,NaN,NaN,NaN,NaN,NaN,NaN,NaN,NaN,NaN,NaN,NaN,NaN,NaN,NaN,NaN,NaN,NaN,NaN,NaN,NaN,NaN,NaN,NaN,NaN,NaN,NaN,NaN,NaN,NaN
